Model,F1_macro_train,F1_macro_test
MultinomialNB,0.8467109127489748,0.5900076359828682
LogisticRegression,0.9221608677616445,0.6244237588652483
